name,x,y,make,zone
Ja Morant,-27,5,1,2
Ja Morant,18,11,1,2
Ja Morant,3,28,1,2
Ja Morant,-14,22,1,2
Ja Morant,-2,21,0,2
Ja Morant,43,7,1,2
Ja Morant,0,176,0,2
Ja Morant,29,11,0,2
Ja Morant,133,243,0,3
Ja Morant,49,197,0,2
Ja Morant,13,21,1,2
Ja Morant,-27,25,0,2
Ja Morant,-155,247,1,3
Ja Morant,5,1,1,2
Ja Morant,16,-3,0,2
Ja Morant,2,6,0,2
Ja Morant,0,16,0,2
Ja Morant,51,182,0,2
Ja Morant,-10,5,0,2
Ja Morant,0,-6,1,2
Ja Morant,-16,8,0,2
Ja Morant,46,68,1,2
Ja Morant,-14,148,1,2
Ja Morant,78,247,0,3
Ja Morant,-92,186,0,2
Ja Morant,-2,-3,1,2
Ja Morant,-16,4,1,2
Ja Morant,62,116,1,2
Ja Morant,-14,11,0,2
Ja Morant,-70,73,0,2
Ja Morant,-14,8,1,2
Ja Morant,-9,3,1,2
Ja Morant,-67,64,0,2
Ja Morant,0,-6,0,2
Ja Morant,-3,14,1,2
Ja Morant,-63,248,1,3
Ja Morant,8,10,1,2
Ja Morant,2,3,1,2
Ja Morant,-30,21,0,2
Ja Morant,-4,6,1,2
Ja Morant,-101,46,1,2
Ja Morant,-15,1,0,2
Ja Morant,11,34,0,2
Ja Morant,-11,40,0,2
Ja Morant,116,266,0,3
Ja Morant,7,89,0,2
Ja Morant,-13,85,1,2
Ja Morant,17,25,0,2
Ja Morant,228,11,1,3
Ja Morant,-11,32,0,2
Ja Morant,92,243,0,3
Ja Morant,-68,79,1,2
Ja Morant,-9,54,1,2
Ja Morant,84,75,0,2
Ja Morant,3,8,1,2
Ja Morant,3,28,1,2
Ja Morant,18,8,1,2
Ja Morant,136,207,0,3
Ja Morant,-60,100,0,2
Ja Morant,5,190,0,2
Ja Morant,102,151,0,2
Ja Morant,55,106,0,2
Ja Morant,109,262,1,3
Ja Morant,16,14,1,2
Ja Morant,6,13,1,2
Ja Morant,8,27,0,2
Ja Morant,71,67,1,2
Ja Morant,161,195,1,3
Ja Morant,6,6,1,2
Ja Morant,12,14,1,2
Ja Morant,-2,5,1,2
Ja Morant,-14,6,0,2
Ja Morant,-94,34,0,2
Ja Morant,-53,79,1,2
Ja Morant,6,5,1,2
Ja Morant,0,-6,1,2
Ja Morant,55,101,0,2
Ja Morant,131,211,1,3
Ja Morant,1,4,1,2
Ja Morant,-99,148,1,2
Ja Morant,0,12,0,2
Ja Morant,-12,10,1,2
Ja Morant,-9,267,0,3
Ja Morant,84,6,0,2
Ja Morant,-6,6,1,2
Ja Morant,8,0,1,2
Ja Morant,-40,67,1,2
Ja Morant,-7,4,0,2
Ja Morant,73,45,0,2
Ja Morant,13,6,1,2
Ja Morant,-44,152,0,2
Ja Morant,-33,8,1,2
Ja Morant,-11,10,0,2
Ja Morant,2,42,0,2
Ja Morant,31,16,0,2
Ja Morant,-28,28,1,2
Ja Morant,-33,75,0,2
Ja Morant,3,126,0,2
Ja Morant,18,32,1,2
Ja Morant,26,12,0,2
Ja Morant,0,-6,0,2
Ja Morant,-7,11,1,2
Ja Morant,70,127,1,2
Ja Morant,86,38,1,2
Ja Morant,-40,44,0,2
Ja Morant,-29,63,1,2
Ja Morant,24,10,1,2
Ja Morant,-37,42,0,2
Ja Morant,-22,46,0,2
Ja Morant,-13,168,1,2
Ja Morant,-67,109,0,2
Ja Morant,78,210,1,2
Ja Morant,9,21,0,2
Ja Morant,5,13,1,2
Ja Morant,5,28,0,2
Ja Morant,3,137,0,2
Ja Morant,-6,7,0,2
Ja Morant,42,215,0,2
Ja Morant,223,10,0,3
Ja Morant,15,17,0,2
Ja Morant,-141,209,0,3
Ja Morant,0,104,0,2
Ja Morant,3,25,0,2
Ja Morant,11,3,0,2
Ja Morant,-97,42,0,2
Ja Morant,-40,73,0,2
Ja Morant,114,218,1,3
Ja Morant,0,84,0,2
Ja Morant,2,8,0,2
Ja Morant,2,12,1,2
Ja Morant,226,46,0,3
Ja Morant,64,32,0,2
Ja Morant,-12,26,0,2
Ja Morant,-6,31,1,2
Ja Morant,-28,7,1,2
Ja Morant,13,13,1,2
Ja Morant,10,11,1,2
Ja Morant,228,40,1,3
Ja Morant,87,260,0,3
Ja Morant,14,48,0,2
Ja Morant,-29,14,1,2
Ja Morant,-5,8,1,2
Ja Morant,-3,11,1,2
Ja Morant,43,129,1,2
Ja Morant,83,19,0,2
Ja Morant,1,13,0,2
Ja Morant,-6,6,1,2
Ja Morant,-77,283,0,3
Ja Morant,15,6,0,2
Ja Morant,-16,13,0,2
Ja Morant,91,238,1,3
Ja Morant,92,243,1,3
Ja Morant,2,-1,1,2
Ja Morant,-34,97,0,2
Ja Morant,-9,0,1,2
Ja Morant,-6,17,1,2
Ja Morant,7,19,0,2
Ja Morant,-20,257,0,3
Ja Morant,93,57,0,2
Ja Morant,-5,20,1,2
Ja Morant,3,0,1,2
Ja Morant,52,63,1,2
Ja Morant,6,-6,0,2
Ja Morant,39,117,0,2
Ja Morant,-4,256,0,3
Ja Morant,-68,197,0,2
Ja Morant,7,10,1,2
Ja Morant,122,225,0,3
Ja Morant,-8,14,0,2
Ja Morant,-2,20,0,2
Ja Morant,5,4,1,2
Ja Morant,-49,250,1,3
Ja Morant,-15,0,0,2
Ja Morant,-68,56,0,2
Ja Morant,-16,4,1,2
Ja Morant,-9,-4,1,2
Ja Morant,-4,13,0,2
Ja Morant,106,243,0,3
Ja Morant,78,243,0,3
Ja Morant,3,4,1,2
Ja Morant,-8,8,0,2
Ja Morant,-35,-4,0,2
Ja Morant,-62,56,1,2
Ja Morant,27,21,0,2
Ja Morant,-2,110,0,2
Ja Morant,-15,78,1,2
Ja Morant,127,163,0,2
Ja Morant,114,145,0,2
Ja Morant,-192,96,1,2
Ja Morant,60,200,0,2
Ja Morant,-39,62,0,2
Ja Morant,8,-4,0,2
Ja Morant,21,4,0,2
Ja Morant,127,228,0,3
Ja Morant,-46,97,1,2
Ja Morant,-229,4,1,3
Ja Morant,-7,10,1,2
Ja Morant,13,12,0,2
Ja Morant,-225,-10,1,3
Ja Morant,5,-4,1,2
Ja Morant,-2,6,1,2
Ja Morant,1,151,1,2
Ja Morant,-96,5,1,2
Ja Morant,-114,-12,0,2
Ja Morant,61,51,0,2
Ja Morant,11,12,0,2
Ja Morant,-2,32,1,2
Ja Morant,-30,20,0,2
Ja Morant,4,0,1,2
Ja Morant,-9,8,1,2
Ja Morant,-23,7,1,2
Ja Morant,145,202,0,3
Ja Morant,-3,151,0,2
Ja Morant,-9,-9,1,2
Ja Morant,5,128,0,2
Ja Morant,6,17,0,2
Ja Morant,4,17,0,2
Ja Morant,4,1,1,2
Ja Morant,-147,239,0,3
Ja Morant,3,27,0,2
Ja Morant,3,4,1,2
Ja Morant,5,6,0,2
Ja Morant,-76,117,1,2
Ja Morant,73,31,0,2
Ja Morant,-3,15,1,2
Ja Morant,-2,20,1,2
Ja Morant,-9,11,1,2
Ja Morant,9,13,0,2
Ja Morant,-8,15,0,2
Ja Morant,128,221,0,3
Ja Morant,15,16,0,2
Ja Morant,0,59,0,2
Ja Morant,0,-6,1,2
Ja Morant,15,12,0,2
Ja Morant,6,5,1,2
Ja Morant,-2,10,1,2
Ja Morant,-54,94,0,2
Ja Morant,15,8,1,2
Ja Morant,64,259,1,3
Ja Morant,-9,29,0,2
Ja Morant,0,-6,0,2
Ja Morant,-18,18,1,2
Ja Morant,-39,110,0,2
Ja Morant,-52,60,1,2
Ja Morant,20,2,0,2
Ja Morant,-52,257,1,3
Ja Morant,-7,120,0,2
Ja Morant,13,-1,0,2
Ja Morant,-62,122,0,2
Ja Morant,-41,79,1,2
Ja Morant,35,48,0,2
Ja Morant,63,262,0,3
Ja Morant,149,204,1,3
Ja Morant,18,13,0,2
Ja Morant,55,267,0,3
Ja Morant,-13,3,0,2
Ja Morant,-4,3,1,2
Ja Morant,170,319,0,3
Ja Morant,-196,188,0,3
Ja Morant,0,74,0,2
Ja Morant,169,220,1,3
Ja Morant,-43,269,1,3
Ja Morant,-22,115,0,2
Ja Morant,3,42,0,2
Ja Morant,-4,260,1,3
Ja Morant,-4,29,0,2
Ja Morant,217,127,0,3
Ja Morant,-100,9,1,2
Ja Morant,68,26,1,2
Ja Morant,-11,14,1,2
Ja Morant,133,169,1,2
Ja Morant,-4,5,1,2
Ja Morant,105,133,0,2
Ja Morant,107,95,1,2
Ja Morant,135,215,0,3
Ja Morant,2,7,1,2
Ja Morant,8,3,0,2
Ja Morant,5,9,0,2
Ja Morant,0,13,1,2
Ja Morant,64,139,0,2
Ja Morant,-3,6,1,2
Ja Morant,14,19,0,2
Ja Morant,57,116,0,2
Ja Morant,-44,256,1,3
Ja Morant,34,83,1,2
Ja Morant,2,222,1,2
Ja Morant,-54,43,0,2
Ja Morant,-29,54,0,2
Ja Morant,157,196,0,3
Ja Morant,2,11,1,2
Ja Morant,13,-14,0,2
Ja Morant,6,-1,1,2
Ja Morant,22,30,1,2
Ja Morant,-18,1,0,2
Ja Morant,3,103,1,2
Ja Morant,-111,239,1,3
Ja Morant,100,110,0,2
Ja Morant,18,262,1,3
Ja Morant,-35,100,1,2
Ja Morant,-28,12,1,2
Ja Morant,-150,210,0,3
Ja Morant,-11,2,1,2
Ja Morant,166,188,0,3
Ja Morant,-3,-4,1,2
Ja Morant,9,0,1,2
Ja Morant,60,28,0,2
Ja Morant,-70,55,0,2
Ja Morant,-60,80,1,2
Ja Morant,65,261,1,3
Ja Morant,-22,41,1,2
Ja Morant,101,194,1,2
Ja Morant,57,35,1,2
Ja Morant,-5,0,1,2
Ja Morant,30,69,0,2
Ja Morant,-7,22,1,2
Ja Morant,-20,146,1,2
Ja Morant,-39,94,1,2
Ja Morant,-3,147,0,2
Ja Morant,165,157,0,2
Ja Morant,2,26,0,2
Ja Morant,-54,55,0,2
Ja Morant,0,67,0,2
Ja Morant,-40,47,1,2
Ja Morant,18,15,0,2
Ja Morant,14,13,0,2
Ja Morant,5,18,0,2
Ja Morant,4,6,0,2
Ja Morant,-169,587,0,3
Ja Morant,125,50,1,2
Ja Morant,13,17,0,2
Ja Morant,-37,46,1,2
Ja Morant,-165,188,0,3
Ja Morant,13,34,1,2
Ja Morant,-133,222,0,3
Ja Morant,-11,6,0,2
Ja Morant,-2,-1,1,2
Ja Morant,3,14,0,2
Ja Morant,-10,4,0,2
Ja Morant,40,56,0,2
Ja Morant,153,467,0,3
Ja Morant,-2,-6,1,2
Ja Morant,-9,7,0,2
Ja Morant,-230,81,0,3
Ja Morant,-54,113,1,2
Ja Morant,11,-4,0,2
Ja Morant,2,-3,1,2
Ja Morant,49,258,1,3
Ja Morant,2,21,0,2
Ja Morant,27,270,0,3
Ja Morant,29,17,1,2
Ja Morant,25,28,0,2
Ja Morant,-11,5,0,2
Ja Morant,-4,4,1,2
Ja Morant,39,15,0,2
Ja Morant,-5,-5,1,2
Ja Morant,3,-10,1,2
Ja Morant,13,267,0,3
Ja Morant,-16,111,1,2
Ja Morant,35,61,1,2
Ja Morant,22,17,0,2
Ja Morant,-57,-4,0,2
Ja Morant,-11,138,0,2
Ja Morant,161,225,0,3
Ja Morant,-13,6,1,2
Ja Morant,-1,10,1,2
Ja Morant,37,27,1,2
Ja Morant,20,8,1,2
Ja Morant,-12,-1,0,2
Ja Morant,2,58,1,2
Ja Morant,-60,104,0,2
Ja Morant,4,18,1,2
Ja Morant,24,23,0,2
Ja Morant,30,17,0,2
Ja Morant,6,95,1,2
Ja Morant,-228,57,1,3
Ja Morant,-26,14,0,2
Ja Morant,-5,6,1,2
Ja Morant,25,1,1,2
Ja Morant,30,151,0,2
Ja Morant,-6,3,1,2
Ja Morant,-64,126,0,2
Ja Morant,-32,66,1,2
Ja Morant,145,214,0,3
Ja Morant,5,-7,1,2
Ja Morant,-9,8,0,2
Ja Morant,-63,53,0,2
Ja Morant,33,21,0,2
Ja Morant,14,-5,0,2
Ja Morant,-26,255,0,3
Ja Morant,2,10,1,2
Ja Morant,100,27,0,2
Ja Morant,57,13,1,2
Ja Morant,-14,28,0,2
Ja Morant,112,225,1,3
Ja Morant,21,15,0,2
Ja Morant,-126,242,1,3
Ja Morant,-19,12,1,2
Ja Morant,-36,49,0,2
Ja Morant,-18,8,1,2
Ja Morant,-27,15,1,2
Ja Morant,-1,26,1,2
Ja Morant,3,-7,1,2
Ja Morant,176,203,1,3
Ja Morant,164,188,0,3
Ja Morant,6,35,1,2
Ja Morant,-3,19,1,2
Ja Morant,120,232,0,3
Ja Morant,8,16,1,2
Ja Morant,-3,7,1,2
Ja Morant,-34,94,1,2
Ja Morant,239,74,0,3
Ja Morant,-6,16,1,2
Ja Morant,116,251,1,3
Ja Morant,-101,41,0,2
Ja Morant,9,9,0,2
Ja Morant,-82,-1,1,2
Ja Morant,139,252,0,3
Ja Morant,-2,4,1,2
Ja Morant,8,27,0,2
Ja Morant,98,135,0,2
Ja Morant,-19,4,1,2
Ja Morant,-15,1,1,2
Ja Morant,84,151,1,2
Ja Morant,1,0,1,2
Ja Morant,192,337,0,3
Ja Morant,90,5,1,2
Ja Morant,-2,11,1,2
Ja Morant,-16,18,0,2
Ja Morant,2,10,1,2
Ja Morant,78,64,0,2
Ja Morant,-13,12,1,2
Ja Morant,-5,99,0,2
Ja Morant,-20,68,0,2
Ja Morant,0,-6,1,2
Ja Morant,-70,164,1,2
Ja Morant,-72,94,1,2
Ja Morant,2,0,1,2
Ja Morant,233,-22,0,3
Ja Morant,-49,58,1,2
Ja Morant,98,128,0,2
Ja Morant,30,67,0,2
Ja Morant,-17,5,1,2
Ja Morant,69,150,0,2
Ja Morant,-38,59,0,2
Ja Morant,0,-6,1,2
Ja Morant,138,218,0,3
Ja Morant,-2,5,1,2
Ja Morant,-90,-4,0,2
Ja Morant,1,-5,1,2
Ja Morant,-27,0,0,2
Ja Morant,-3,-5,1,2
Ja Morant,-3,3,1,2
Ja Morant,-21,53,0,2
Ja Morant,-51,80,1,2
Ja Morant,22,103,1,2
Ja Morant,-25,106,1,2
Ja Morant,-9,4,1,2
Ja Morant,6,9,1,2
Ja Morant,-9,11,0,2
Ja Morant,100,231,1,3
Ja Morant,5,37,0,2
Ja Morant,18,80,0,2
Ja Morant,-10,0,0,2
Ja Morant,-41,83,0,2
Ja Morant,4,15,0,2
Ja Morant,-43,75,1,2
Ja Morant,65,92,0,2
Ja Morant,-121,232,0,3
Ja Morant,5,8,1,2
Ja Morant,2,15,1,2
Ja Morant,-5,1,1,2
Ja Morant,24,58,1,2
Ja Morant,0,261,1,3
Ja Morant,-6,6,1,2
Ja Morant,143,215,0,3
Ja Morant,-3,-5,1,2
Ja Morant,-57,55,1,2
Ja Morant,-215,128,1,3
Ja Morant,-58,106,1,2
Ja Morant,156,211,1,3
Ja Morant,2,8,1,2
Ja Morant,-7,6,1,2
Ja Morant,-231,68,0,3
Ja Morant,2,-1,0,2
Ja Morant,-117,179,0,2
Ja Morant,-39,37,1,2
Ja Morant,-52,105,1,2
Ja Morant,59,121,0,2
Ja Morant,-6,6,1,2
Ja Morant,5,8,1,2
Ja Morant,17,29,0,2
Ja Morant,3,13,1,2
Ja Morant,-5,-1,0,2
Ja Morant,-8,6,0,2
Ja Morant,34,16,0,2
Ja Morant,-46,24,0,2
Ja Morant,11,64,1,2
Ja Morant,6,0,0,2
Ja Morant,18,10,0,2
Ja Morant,-25,57,0,2
Ja Morant,2,42,0,2
Ja Morant,-3,6,1,2
Ja Morant,-9,7,1,2
Ja Morant,-18,10,0,2
Ja Morant,-29,268,1,3
Ja Morant,-57,37,0,2
Ja Morant,15,7,1,2
Ja Morant,96,246,0,3
Ja Morant,47,249,0,3
Ja Morant,-39,20,0,2
Ja Morant,20,8,1,2
Ja Morant,42,15,0,2
Ja Morant,-36,20,0,2
Ja Morant,-9,49,0,2
Ja Morant,-22,12,0,2
Ja Morant,-55,92,0,2
Ja Morant,-8,101,1,2
Ja Morant,-31,14,1,2
Ja Morant,-11,8,1,2
Ja Morant,-15,-5,0,2
Ja Morant,120,241,0,3
Ja Morant,-108,5,1,2
Ja Morant,-13,6,1,2
Ja Morant,1,8,1,2
Ja Morant,76,191,0,2
Ja Morant,-7,10,1,2
Ja Morant,-13,16,0,2
Ja Morant,3,4,1,2
Ja Morant,-22,47,0,2
Ja Morant,114,181,0,2
Ja Morant,8,16,1,2
Ja Morant,-22,6,0,2
Ja Morant,-16,11,0,2
Ja Morant,-4,10,0,2
Ja Morant,1,37,1,2
Ja Morant,-20,4,1,2
Ja Morant,-36,147,0,2
Ja Morant,0,-6,1,2
Ja Morant,-133,206,0,3
Ja Morant,-29,26,0,2
Ja Morant,12,21,1,2
Ja Morant,-3,61,1,2
Ja Morant,-9,24,0,2
Ja Morant,19,31,0,2
Ja Morant,22,10,0,2
Ja Morant,0,6,1,2
Ja Morant,-47,105,1,2
Ja Morant,-3,1,1,2
Ja Morant,3,10,1,2
Ja Morant,5,16,1,2
Ja Morant,0,18,0,2
Ja Morant,-20,109,1,2
Ja Morant,-73,107,0,2
Ja Morant,-9,-3,1,2
Ja Morant,13,6,0,2
Ja Morant,-35,95,1,2
Ja Morant,-6,10,1,2
Ja Morant,24,52,1,2
Ja Morant,-13,14,0,2
Ja Morant,13,6,0,2
Ja Morant,1,25,1,2
Ja Morant,-22,108,0,2
Ja Morant,7,1,1,2
Ja Morant,16,40,0,2
Ja Morant,-5,92,1,2
Ja Morant,72,136,0,2
Ja Morant,-117,247,0,3
Ja Morant,30,79,1,2
Ja Morant,-33,73,1,2
Ja Morant,-19,13,0,2
Ja Morant,3,5,1,2
Ja Morant,190,169,0,3
Ja Morant,11,-4,1,2
Ja Morant,5,24,0,2
Ja Morant,6,20,0,2
Ja Morant,103,240,1,3
Ja Morant,3,88,1,2
Ja Morant,8,-4,1,2
Ja Morant,63,109,1,2
Ja Morant,-8,62,0,2
Ja Morant,-57,263,0,3
Ja Morant,9,2,1,2
Ja Morant,10,13,0,2
Ja Morant,-17,16,1,2
Ja Morant,-52,126,1,2
Ja Morant,-13,18,0,2
Ja Morant,8,95,1,2
Ja Morant,-38,113,1,2
Ja Morant,-3,1,1,2
Ja Morant,-155,236,1,3
Ja Morant,3,18,1,2
Ja Morant,27,102,1,2
Ja Morant,9,2,1,2
Ja Morant,84,246,0,3
Ja Morant,51,157,1,2
Ja Morant,-16,106,1,2
Ja Morant,-69,62,0,2
Ja Morant,13,104,1,2
Ja Morant,0,14,1,2
Ja Morant,13,90,0,2
Ja Morant,-19,36,0,2
Ja Morant,7,16,1,2
Ja Morant,13,10,0,2
Ja Morant,-38,57,0,2
Ja Morant,-48,261,0,3
Ja Morant,-22,126,1,2
Ja Morant,-25,43,0,2
Ja Morant,-5,6,1,2
Ja Morant,-6,20,1,2
Ja Morant,-8,21,0,2
Ja Morant,-9,74,0,2
Ja Morant,10,17,0,2
Ja Morant,-232,29,0,3
Ja Morant,145,461,0,3
Ja Morant,-12,67,1,2
Ja Morant,-148,232,1,3
Ja Morant,-56,36,1,2
Ja Morant,151,201,0,3
Ja Morant,145,220,0,3
Ja Morant,12,35,1,2
Ja Morant,29,69,0,2
Ja Morant,13,110,1,2
Ja Morant,3,8,1,2
Ja Morant,85,94,1,2
Ja Morant,-120,248,0,3
Ja Morant,22,87,1,2
Ja Morant,-63,45,0,2
Ja Morant,148,276,1,3
Ja Morant,5,3,1,2
Ja Morant,25,40,1,2
Ja Morant,0,52,0,2
Ja Morant,0,-6,1,2
Ja Morant,-14,4,0,2
Ja Morant,57,111,1,2
Ja Morant,32,56,0,2
Ja Morant,65,73,0,2
Ja Morant,0,-6,1,2
Ja Morant,41,256,0,3
Ja Morant,14,23,0,2
Ja Morant,106,232,0,3
Ja Morant,-9,12,0,2
Ja Morant,0,-6,1,2
Ja Morant,-61,81,1,2
Ja Morant,-55,251,0,3
Ja Morant,-3,99,0,2
Ja Morant,43,257,0,3
Ja Morant,-157,99,1,2
Ja Morant,-17,32,0,2
Ja Morant,97,238,0,3
Ja Morant,8,29,0,2
Ja Morant,2,13,1,2
Ja Morant,25,8,0,2
Ja Morant,3,262,0,3
Ja Morant,-8,85,1,2
Ja Morant,-27,110,0,2
Ja Morant,10,13,0,2
Ja Morant,-6,18,1,2
Ja Morant,-43,38,0,2
Ja Morant,-7,23,1,2
Ja Morant,-35,74,1,2
Ja Morant,-2,7,1,2
Ja Morant,11,12,1,2
Ja Morant,-2,12,1,2
Ja Morant,8,10,0,2
Ja Morant,1,21,1,2
Ja Morant,-5,37,0,2
Ja Morant,-5,21,0,2
Ja Morant,-2,29,1,2
Ja Morant,-6,36,0,2
Ja Morant,-11,16,1,2
Ja Morant,40,27,0,2
Ja Morant,-1,22,0,2
Ja Morant,86,102,0,2
Ja Morant,-39,121,1,2
Ja Morant,-9,31,0,2
Ja Morant,11,20,1,2
Ja Morant,190,39,0,2
Ja Morant,-100,236,0,3
Ja Morant,-4,48,0,2
Ja Morant,-13,11,0,2
Ja Morant,-11,47,1,2
Ja Morant,76,242,0,3
Ja Morant,-24,153,1,2
Ja Morant,-118,16,1,2
Ja Morant,9,56,0,2
Ja Morant,7,8,1,2
Ja Morant,0,11,1,2
Ja Morant,53,141,1,2
Ja Morant,27,17,1,2
Ja Morant,-208,136,0,3
Ja Morant,-217,155,0,3
Ja Morant,-25,272,1,3
Ja Morant,9,29,0,2
Ja Morant,-6,4,1,2
Ja Morant,180,233,0,3
Ja Morant,-45,80,0,2
Ja Morant,6,20,1,2
Ja Morant,6,89,0,2
Ja Morant,-7,6,0,2
Ja Morant,205,443,0,3
Ja Morant,-8,5,1,2
Ja Morant,-10,11,0,2
Ja Morant,-13,10,1,2
Ja Morant,-3,4,1,2
Ja Morant,3,68,1,2
Ja Morant,72,242,0,3
Ja Morant,41,67,0,2
Ja Morant,-21,25,1,2
Ja Morant,-24,6,0,2
Ja Morant,0,-6,1,2
Ja Morant,202,377,0,3
Ja Morant,-225,16,0,3
Ja Morant,-5,4,0,2
Ja Morant,225,23,1,3
Ja Morant,52,188,0,2
Ja Morant,-36,102,0,2
Ja Morant,-158,239,0,3
Ja Morant,-5,89,0,2
Ja Morant,11,-9,1,2
Ja Morant,0,4,1,2
Ja Morant,62,106,0,2
Ja Morant,93,227,0,3
Ja Morant,7,17,1,2
Ja Morant,6,29,0,2
Ja Morant,-21,240,1,3
Ja Morant,0,-6,0,2
Ja Morant,-4,0,1,2
Ja Morant,-48,153,1,2
Ja Morant,128,216,1,3
Ja Morant,22,150,1,2
Ja Morant,5,266,0,3
Ja Morant,-100,243,1,3
Ja Morant,47,274,1,3
Ja Morant,-51,73,1,2
Ja Morant,0,-6,0,2
Ja Morant,-47,88,1,2
Ja Morant,-88,60,0,2
Ja Morant,-52,123,0,2
Ja Morant,-12,123,1,2
Ja Morant,0,-6,1,2
Ja Morant,-7,12,1,2
Ja Morant,-8,13,1,2
Ja Morant,-5,10,1,2
Ja Morant,-8,3,0,2
Ja Morant,-16,48,1,2
Ja Morant,7,11,0,2
Ja Morant,-8,117,1,2
Ja Morant,-9,109,0,2
Ja Morant,-18,101,0,2
Ja Morant,-81,237,1,3
Ja Morant,-19,43,0,2
Ja Morant,-16,248,0,3
Ja Morant,-7,96,1,2
Ja Morant,-5,15,1,2
Ja Morant,-12,85,0,2
Ja Morant,-107,121,0,2
Ja Morant,-49,76,0,2
Ja Morant,-2,4,1,2
Ja Morant,-71,203,0,2
Ja Morant,23,53,0,2
Ja Morant,6,8,1,2
Ja Morant,-63,53,0,2
Ja Morant,-28,78,1,2
Ja Morant,-27,76,0,2
Ja Morant,43,23,1,2
Ja Morant,55,262,0,3
Ja Morant,37,254,1,3
Ja Morant,-25,10,0,2
Ja Morant,-190,150,0,3
Ja Morant,-44,21,1,2
Ja Morant,-36,17,0,2
Ja Morant,-14,46,0,2
Ja Morant,1,8,0,2
Ja Morant,70,26,1,2
Ja Morant,-19,64,1,2
Ja Morant,-63,67,0,2
Ja Morant,-93,247,1,3
Ja Morant,-6,260,1,3
Ja Morant,6,8,1,2
Ja Morant,-56,69,0,2
Ja Morant,20,256,1,3
Ja Morant,225,37,1,3
Ja Morant,-17,16,0,2
Ja Morant,0,-6,1,2
Ja Morant,-2,1,1,2
Ja Morant,-14,7,0,2
Ja Morant,70,100,1,2
Ja Morant,-16,265,0,3
Ja Morant,-11,21,0,2
Ja Morant,-197,154,1,3
Ja Morant,169,186,0,3
Ja Morant,-60,125,1,2
Ja Morant,143,271,0,3
Ja Morant,45,61,0,2
Ja Morant,-57,111,1,2
Ja Morant,-20,114,1,2
Ja Morant,-8,15,0,2
Ja Morant,70,255,0,3
Ja Morant,-22,-1,1,2
Ja Morant,-30,113,0,2
Ja Morant,14,11,0,2
Ja Morant,-24,13,0,2
Ja Morant,73,258,0,3
Ja Morant,-16,2,1,2
Ja Morant,82,270,0,3
Ja Morant,24,16,0,2
Ja Morant,0,40,1,2
Ja Morant,0,71,0,2
Ja Morant,32,73,0,2
Ja Morant,94,246,1,3
Ja Morant,-13,9,1,2
Ja Morant,-5,-2,1,2
Ja Morant,-2,-1,0,2
Ja Morant,-135,211,0,3
Ja Morant,13,13,1,2
Ja Morant,-25,13,0,2
Ja Morant,121,148,0,2
Ja Morant,61,245,0,3
Ja Morant,-27,17,1,2
Ja Morant,-9,378,0,3
Ja Morant,-134,206,0,3
Ja Morant,-24,0,0,2
Ja Morant,-1,64,1,2
Ja Morant,-63,113,0,2
Ja Morant,-36,67,1,2
Ja Morant,-13,63,0,2
Ja Morant,-22,32,0,2
Ja Morant,-23,31,0,2
Ja Morant,-20,136,0,2
Ja Morant,-30,61,1,2
Ja Morant,29,13,1,2
Ja Morant,-138,205,0,3
Ja Morant,28,13,1,2
Ja Morant,-59,4,0,2
Ja Morant,33,82,1,2
Ja Morant,-124,240,0,3
Ja Morant,61,53,1,2
Ja Morant,33,4,1,2
Ja Morant,-14,1,1,2
Ja Morant,-11,3,1,2
Ja Morant,-44,251,0,3
Ja Morant,-11,71,1,2
Ja Morant,-4,258,0,3
Ja Morant,13,143,0,2
Ja Morant,5,413,0,3
Ja Morant,145,218,0,3
Ja Morant,22,25,1,2
Ja Morant,-228,-2,0,3
Ja Morant,8,29,1,2
Ja Morant,-102,239,0,3
Ja Morant,24,31,0,2
Ja Morant,-143,212,0,3
Ja Morant,0,42,0,2
Ja Morant,9,272,0,3
Ja Morant,-19,48,0,2
Ja Morant,114,233,1,3
Ja Morant,-14,41,0,2
Ja Morant,30,39,0,2
Ja Morant,-182,201,0,3
Ja Morant,-33,12,1,2
Ja Morant,-22,34,0,2
Ja Morant,3,17,1,2
Ja Morant,0,7,1,2
Ja Morant,111,165,0,2
Ja Morant,27,123,1,2
Ja Morant,20,137,0,2
Ja Morant,144,234,1,3
Ja Morant,72,79,0,2
Ja Morant,47,258,1,3
Ja Morant,33,73,1,2
Ja Morant,35,24,1,2
Ja Morant,116,53,0,2
Ja Morant,50,111,0,2
Ja Morant,-4,125,0,2
Ja Morant,62,260,0,3
Ja Morant,-9,24,1,2
Ja Morant,6,2,1,2
Ja Morant,-60,110,0,2
Ja Morant,-14,5,0,2
Ja Morant,157,190,0,3
Ja Morant,-9,-4,1,2
Ja Morant,-43,54,0,2
Ja Morant,11,264,1,3
Ja Morant,-232,-4,1,3
Ja Morant,199,147,0,3
Ja Morant,149,226,0,3
Ja Morant,16,251,0,3
Ja Morant,5,3,1,2
Ja Morant,-13,13,1,2
Ja Morant,-220,144,1,3
Ja Morant,-56,69,0,2
Ja Morant,-67,69,0,2
Ja Morant,-70,111,0,2
Ja Morant,102,232,0,3
Ja Morant,-44,46,0,2
Ja Morant,15,54,0,2
Ja Morant,-36,76,1,2
Ja Morant,3,254,1,3
Ja Morant,-227,1,0,3
Ja Morant,77,57,0,2
Ja Morant,-27,6,0,2
Ja Morant,-30,8,0,2
Ja Morant,12,5,1,2
Ja Morant,11,4,1,2
Ja Morant,47,22,0,2
Ja Morant,1,68,0,2
Ja Morant,-2,15,1,2
Ja Morant,106,278,0,3
Ja Morant,0,35,0,2
Ja Morant,-16,10,1,2
Ja Morant,-27,29,1,2
Ja Morant,-21,3,0,2
Ja Morant,-18,6,1,2
Ja Morant,-19,3,0,2
Ja Morant,-179,179,0,3
Ja Morant,-13,100,1,2
Ja Morant,226,20,1,3
Ja Morant,-19,17,1,2
Ja Morant,-11,258,0,3
Ja Morant,13,4,1,2
Ja Morant,-36,99,0,2
Ja Morant,0,-6,1,2
Ja Morant,-32,121,0,2
Ja Morant,155,231,0,3
Ja Morant,-43,69,1,2
Ja Morant,-20,73,0,2
Ja Morant,0,-6,0,2
Ja Morant,-18,71,1,2
Ja Morant,-21,37,1,2
Ja Morant,-43,95,1,2
Ja Morant,-14,72,0,2
Ja Morant,42,270,0,3
Ja Morant,-38,258,0,3
Ja Morant,58,262,0,3
Ja Morant,-16,42,0,2
Ja Morant,-1,37,0,2
Ja Morant,0,-6,0,2
