GAME_ID,EVENTNUM,EVENTMSGTYPE,EVENTMSGACTIONTYPE,PERIOD,WCTIMESTRING,PCTIMESTRING,HOMEDESCRIPTION,NEUTRALDESCRIPTION,VISITORDESCRIPTION,SCORE,SCOREMARGIN
0041900171,2,12,0,1,6:41 PM,12:00,,Start of 1st Period (6:41 PM EST),,,
0041900171,4,10,0,1,6:41 PM,12:00,Jump Ball Covington vs. Adams: Tip to Gilgeous-Alexander,,,,
0041900171,7,2,75,1,6:41 PM,11:47,,,MISS Gilgeous-Alexander 3' Driving Finger Roll Layup,,
0041900171,8,4,0,1,6:41 PM,11:45,Tucker REBOUND (Off:0 Def:1),,,,
0041900171,9,6,1,1,6:41 PM,11:42,,,Ferguson P.FOUL (P1.T1) (D.Collins),,
0041900171,11,6,4,1,6:41 PM,11:32,Harden OFF.Foul (P1) (J.Capers),,,,
0041900171,13,5,37,1,6:41 PM,11:32,Harden Offensive Foul Turnover (P1.T1),,,,
0041900171,14,1,6,1,6:42 PM,11:17,,,Gallinari 2' Driving Layup (2 PTS) (Ferguson 1 AST),2 - 0,-2
0041900171,16,2,80,1,6:42 PM,10:59,MISS Harden 25' 3PT Step Back Jump Shot,,,,
0041900171,17,4,0,1,6:42 PM,10:57,Tucker REBOUND (Off:1 Def:1),,,,
0041900171,18,1,80,1,6:42 PM,10:45,Harden 24' 3PT Step Back Jump Shot (3 PTS),,,2 - 3,1
0041900171,19,6,1,1,6:43 PM,10:28,House Jr. P.FOUL (P1.T1) (D.Collins),,,,
0041900171,21,6,1,1,6:43 PM,10:22,Gordon P.FOUL (P1.T2) (D.Collins),,,,
0041900171,23,2,78,1,6:44 PM,10:10,,,MISS Adams 9' Floating Jump Shot,,
0041900171,24,4,0,1,6:44 PM,10:08,House Jr. REBOUND (Off:0 Def:1),,,,
0041900171,25,5,1,1,6:44 PM,10:05,Harden Bad Pass Turnover (P2.T2),,Paul STEAL (1 STL),,
0041900171,27,2,41,1,6:44 PM,10:00,,,MISS Paul 4' Running Layup,,
0041900171,28,4,0,1,6:44 PM,9:58,Covington REBOUND (Off:0 Def:1),,,,
0041900171,29,1,1,1,6:44 PM,9:49,Tucker 3PT Jump Shot (3 PTS) (House Jr. 1 AST),,,2 - 6,4
0041900171,31,1,66,1,6:44 PM,9:27,,,Adams 4' Jump Bank Shot (2 PTS) (Paul 1 AST),4 - 6,2
0041900171,33,6,2,1,6:44 PM,9:27,Gordon S.FOUL (P2.T3) (J.Tiven),,,,
0041900171,35,3,10,1,6:45 PM,9:27,,,MISS Adams Free Throw 1 of 1,,
0041900171,36,4,0,1,6:45 PM,9:25,Tucker REBOUND (Off:1 Def:2),,,,
0041900171,37,2,80,1,6:45 PM,9:13,MISS Gordon 26' 3PT Step Back Jump Shot,,,,
0041900171,38,4,0,1,6:45 PM,9:10,,,Adams REBOUND (Off:0 Def:1),,
0041900171,39,5,2,1,6:45 PM,8:53,Covington STEAL (1 STL),,Paul Lost Ball Turnover (P1.T1),,
0041900171,41,2,6,1,6:46 PM,8:45,MISS House Jr. 4' Driving Layup,,Gilgeous-Alexander BLOCK (1 BLK),,
0041900171,42,4,0,1,6:46 PM,8:43,,,Adams REBOUND (Off:0 Def:2),,
0041900171,43,2,6,1,6:46 PM,8:38,,,MISS Gilgeous-Alexander 3' Driving Layup,,
0041900171,44,4,0,1,6:46 PM,8:36,Gordon REBOUND (Off:0 Def:1),,,,
0041900171,45,2,1,1,6:46 PM,8:27,MISS Gordon 25' 3PT Jump Shot,,,,
0041900171,46,4,0,1,6:46 PM,8:24,,,Thunder Rebound,,
0041900171,48,6,2,1,6:46 PM,8:11,Tucker S.FOUL (P1.T4) (J.Capers),,,,
0041900171,50,3,11,1,6:47 PM,8:11,,,Gallinari Free Throw 1 of 2 (3 PTS),5 - 6,1
0041900171,51,8,0,1,6:47 PM,8:11,SUB: McLemore FOR Gordon,,,,
0041900171,52,8,0,1,6:47 PM,8:11,,,SUB: Schroder FOR Ferguson,,
0041900171,55,3,12,1,6:47 PM,8:11,,,Gallinari Free Throw 2 of 2 (4 PTS),6 - 6,TIE
0041900171,56,2,101,1,6:48 PM,7:58,MISS Harden 7' Driving Floating Jump Shot,,,,
0041900171,57,4,0,1,6:48 PM,7:54,Tucker REBOUND (Off:2 Def:2),,,,
0041900171,58,2,1,1,6:48 PM,7:49,MISS House Jr. 3PT Jump Shot,,,,
0041900171,59,4,0,1,6:48 PM,7:47,,,Paul REBOUND (Off:0 Def:1),,
0041900171,60,1,5,1,6:48 PM,7:37,,,Adams 3' Layup (4 PTS) (Gallinari 1 AST),8 - 6,-2
0041900171,62,2,1,1,6:48 PM,7:22,MISS Covington 28' 3PT Jump Shot,,,,
0041900171,63,4,0,1,6:48 PM,7:20,,,Gilgeous-Alexander REBOUND (Off:0 Def:1),,
0041900171,64,2,79,1,6:48 PM,7:16,,,MISS Paul 26' 3PT Pullup Jump Shot,,
0041900171,65,4,0,1,6:48 PM,7:15,,,Thunder Rebound,,
0041900171,66,6,3,1,6:48 PM,7:15,Tucker L.B.FOUL (P2.PN) (J.Tiven),,,,
0041900171,68,9,1,1,6:49 PM,7:15,,,Thunder Timeout: Regular (Reg.1 Short 0),,
0041900171,70,8,0,1,6:52 PM,7:15,SUB: Green FOR Tucker,,,,
0041900171,72,3,11,1,6:52 PM,7:15,,,MISS Adams Free Throw 1 of 2,,
0041900171,73,4,1,1,6:52 PM,7:15,,,Thunder Rebound,,
0041900171,74,3,12,1,6:53 PM,7:15,,,Adams Free Throw 2 of 2 (5 PTS),9 - 6,-3
0041900171,75,1,80,1,6:53 PM,6:52,Harden 24' 3PT Step Back Jump Shot (6 PTS) (House Jr. 2 AST),,,9 - 9,TIE
0041900171,78,2,5,1,6:54 PM,6:26,Covington BLOCK (1 BLK),,MISS Adams 3' Layup,,
0041900171,80,4,0,1,6:54 PM,6:26,,,Thunder Rebound,,
0041900171,82,5,11,1,6:54 PM,6:25,,,Thunder Turnover: Shot Clock (T#2),,
0041900171,83,2,1,1,6:54 PM,6:13,MISS Green 3PT Jump Shot,,,,
0041900171,84,4,0,1,6:54 PM,6:10,,,Adams REBOUND (Off:0 Def:3),,
0041900171,85,5,1,1,6:55 PM,6:01,,,Schroder Bad Pass Turnover (P1.T3),,
0041900171,86,6,3,1,6:55 PM,6:01,,,Schroder L.B.FOUL (P1.T2) (J.Tiven),,
0041900171,88,1,1,1,6:55 PM,5:49,McLemore 26' 3PT Jump Shot (3 PTS) (House Jr. 3 AST),,,9 - 12,3
0041900171,90,2,79,1,6:55 PM,5:29,,,MISS Paul 25' 3PT Pullup Jump Shot,,
0041900171,91,4,0,1,6:55 PM,5:27,ROCKETS Rebound,,,,
0041900171,93,2,6,1,6:56 PM,5:13,MISS Harden 3' Driving Layup,,,,
0041900171,94,4,0,1,6:56 PM,5:11,,,Adams REBOUND (Off:0 Def:4),,
0041900171,95,2,1,1,6:56 PM,5:03,,,MISS Schroder 25' 3PT Jump Shot,,
0041900171,96,4,0,1,6:56 PM,5:00,Harden REBOUND (Off:0 Def:1),,,,
0041900171,97,2,1,1,6:56 PM,4:55,MISS House Jr. 3PT Jump Shot,,,,
0041900171,98,4,0,1,6:56 PM,4:52,,,Paul REBOUND (Off:0 Def:2),,
0041900171,99,6,2,1,6:56 PM,4:48,Covington S.FOUL (P1.PN) (J.Capers),,,,
0041900171,101,3,11,1,6:57 PM,4:48,,,Paul Free Throw 1 of 2 (1 PTS),10 - 12,2
0041900171,102,8,0,1,6:57 PM,4:48,SUB: Rivers FOR House Jr.,,,,
0041900171,103,8,0,1,6:57 PM,4:48,,,SUB: Noel FOR Adams,,
0041900171,106,3,12,1,6:57 PM,4:48,,,Paul Free Throw 2 of 2 (2 PTS),11 - 12,1
0041900171,107,5,45,1,6:57 PM,4:36,Harden Out of Bounds - Bad Pass Turnover Turnover (P3.T3),,,,
0041900171,108,2,79,1,6:58 PM,4:26,,,MISS Paul 21' Pullup Jump Shot,,
0041900171,109,4,0,1,6:58 PM,4:24,Covington REBOUND (Off:0 Def:2),,,,
0041900171,110,6,2,1,6:58 PM,4:08,,,Noel S.FOUL (P1.T3) (J.Capers),,
0041900171,112,3,11,1,6:59 PM,4:08,Rivers Free Throw 1 of 2 (1 PTS),,,11 - 13,2
0041900171,113,8,0,1,6:59 PM,4:08,,,SUB: Diallo FOR Paul,,
0041900171,115,3,12,1,6:59 PM,4:08,Rivers Free Throw 2 of 2 (2 PTS),,,11 - 14,3
0041900171,116,2,63,1,6:59 PM,3:46,,,MISS Gallinari 19' Fadeaway Jumper,,
0041900171,117,4,0,1,6:59 PM,3:42,Green REBOUND (Off:0 Def:1),,,,
0041900171,118,6,2,1,7:00 PM,3:36,,,Noel S.FOUL (P2.T4) (J.Tiven),,
0041900171,120,3,11,1,7:00 PM,3:36,Harden Free Throw 1 of 2 (7 PTS),,,11 - 15,4
0041900171,121,3,12,1,7:00 PM,3:36,Harden Free Throw 2 of 2 (8 PTS),,,11 - 16,5
0041900171,122,1,6,1,7:01 PM,3:21,,,Schroder 3' Driving Layup (2 PTS) (Gallinari 2 AST),13 - 16,3
0041900171,124,1,101,1,7:01 PM,3:01,Green 7' Driving Floating Jump Shot (2 PTS),,,13 - 18,5
0041900171,125,6,2,1,7:01 PM,3:01,,,Gallinari S.FOUL (P1.PN) (D.Collins),,
0041900171,127,3,10,1,7:02 PM,3:01,Green Free Throw 1 of 1 (3 PTS),,,13 - 19,6
0041900171,128,2,6,1,7:02 PM,2:40,,,MISS Diallo 9' Driving Layup,,
0041900171,129,4,0,1,7:02 PM,2:38,Green REBOUND (Off:0 Def:2),,,,
0041900171,130,2,2,1,7:02 PM,2:33,MISS McLemore 3PT Running Jump Shot,,,,
0041900171,131,4,0,1,7:02 PM,2:31,,,Gilgeous-Alexander REBOUND (Off:0 Def:2),,
0041900171,132,6,2,1,7:03 PM,2:19,Green S.FOUL (P1.PN) (D.Collins),,,,
0041900171,134,9,1,1,7:03 PM,2:19,ROCKETS Timeout: Regular (Full 1 Short 0),,,,
0041900171,135,8,0,1,7:06 PM,2:19,SUB: Gordon FOR Harden,,,,
0041900171,136,8,0,1,7:06 PM,2:19,SUB: Tucker FOR Covington,,,,
0041900171,137,8,0,1,7:06 PM,2:19,,,SUB: Paul FOR Gilgeous-Alexander,,
0041900171,143,3,11,1,7:07 PM,2:19,,,Gallinari Free Throw 1 of 2 (5 PTS),14 - 19,5
0041900171,144,3,12,1,7:07 PM,2:19,,,Gallinari Free Throw 2 of 2 (6 PTS),15 - 19,4
0041900171,145,1,6,1,7:07 PM,2:07,Gordon 2' Driving Layup (2 PTS) (Rivers 1 AST),,,15 - 21,6
0041900171,147,5,1,1,7:07 PM,1:57,Green STEAL (1 STL),,Schroder Bad Pass Turnover (P2.T4),,
0041900171,149,1,102,1,7:07 PM,1:51,Green 3' Driving Floating Bank Jump Shot (5 PTS),,,15 - 23,8
0041900171,150,6,2,1,7:07 PM,1:51,,,Noel S.FOUL (P3.PN) (D.Collins),,
0041900171,152,8,0,1,7:08 PM,1:51,,,SUB: Bazley FOR Gallinari,,
0041900171,153,8,0,1,7:08 PM,1:51,,,SUB: Adams FOR Noel,,
0041900171,156,3,10,1,7:08 PM,1:51,MISS Green Free Throw 1 of 1,,,,
0041900171,157,4,0,1,7:08 PM,1:49,,,Bazley REBOUND (Off:0 Def:1),,
0041900171,158,1,1,1,7:08 PM,1:35,,,Bazley 25' 3PT Jump Shot (3 PTS) (Adams 1 AST),18 - 23,5
0041900171,160,1,6,1,7:09 PM,1:13,Rivers 3' Driving Layup (4 PTS),,,18 - 25,7
0041900171,161,2,1,1,7:09 PM,0:55,,,MISS Paul 25' 3PT Jump Shot,,
0041900171,162,4,0,1,7:09 PM,0:52,,,Adams REBOUND (Off:1 Def:4),,
0041900171,163,2,97,1,7:09 PM,0:52,,,MISS Adams 1' Tip Layup Shot,,
0041900171,164,4,0,1,7:09 PM,0:52,,,Adams REBOUND (Off:2 Def:4),,
0041900171,165,1,97,1,7:09 PM,0:52,,,Adams 1' Tip Layup Shot (7 PTS),20 - 25,5
0041900171,166,2,1,1,7:09 PM,0:39,MISS Tucker 3PT Jump Shot,,,,
0041900171,167,4,0,1,7:09 PM,0:36,,,Paul REBOUND (Off:0 Def:3),,
0041900171,168,5,45,1,7:09 PM,0:32,,,Paul Out of Bounds - Bad Pass Turnover Turnover (P2.T5),,
0041900171,169,1,1,1,7:10 PM,0:21,McLemore 3PT Jump Shot (6 PTS) (Gordon 1 AST),,,20 - 28,8
0041900171,171,2,1,1,7:10 PM,0:00,,,MISS Diallo 3PT Jump Shot,,
0041900171,172,4,0,1,7:10 PM,0:00,,,Thunder Rebound,,
0041900171,173,13,0,1,7:10 PM,0:00,,End of 1st Period (7:10 PM EST),,20 - 28,8
0041900171,174,12,0,2,7:14 PM,12:00,,Start of 2nd Period (7:14 PM EST),,20 - 28,8
0041900171,175,2,79,2,7:14 PM,11:51,MISS Gordon 22' Pullup Jump Shot,,,,
0041900171,176,4,0,2,7:14 PM,11:48,,,Bazley REBOUND (Off:0 Def:2),,
0041900171,177,2,6,2,7:14 PM,11:28,,,MISS Schroder 5' Driving Layup,,
0041900171,178,4,0,2,7:14 PM,11:28,ROCKETS Rebound,,,,
0041900171,179,6,3,2,7:14 PM,11:28,,,Adams L.B.FOUL (P1.T1) (D.Collins),,
0041900171,182,1,80,2,7:15 PM,11:06,Green 13' Step Back Jump Shot (7 PTS),,,20 - 30,10
0041900171,183,2,1,2,7:15 PM,10:49,,,MISS Bazley 3PT Jump Shot,,
0041900171,184,4,0,2,7:15 PM,10:47,Gordon REBOUND (Off:0 Def:2),,,,
0041900171,185,1,41,2,7:15 PM,10:43,Gordon 3' Running Layup (4 PTS),,,20 - 32,12
0041900171,186,2,79,2,7:16 PM,10:22,,,MISS Schroder 17' Pullup Jump Shot,,
0041900171,187,4,0,2,7:16 PM,10:21,ROCKETS Rebound,,,,
0041900171,189,8,0,2,7:16 PM,10:21,SUB: House Jr. FOR McLemore,,,,
0041900171,191,1,1,2,7:16 PM,10:04,House Jr. 24' 3PT Jump Shot (3 PTS) (Gordon 2 AST),,,20 - 35,15
0041900171,193,2,79,2,7:17 PM,9:34,,,MISS Schroder 25' 3PT Pullup Jump Shot,,
0041900171,194,4,0,2,7:17 PM,9:30,Rivers REBOUND (Off:0 Def:1),,,,
0041900171,195,1,98,2,7:17 PM,9:21,House Jr. 2' Cutting Layup Shot (5 PTS) (Green 1 AST),,,20 - 37,17
0041900171,197,9,1,2,7:17 PM,9:21,,,Thunder Timeout: Regular (Reg.2 Short 0),,
0041900171,198,8,0,2,7:20 PM,9:21,SUB: Covington FOR Green,,,,
0041900171,199,8,0,2,7:20 PM,9:21,,,SUB: Muscala FOR Adams,,
0041900171,202,1,1,2,7:21 PM,9:06,,,Diallo 3PT Jump Shot (3 PTS) (Paul 2 AST),23 - 37,14
0041900171,204,6,2,2,7:21 PM,8:52,,,Paul S.FOUL (P1.T2) (J.Tiven),,
0041900171,206,3,11,2,7:22 PM,8:52,Gordon Free Throw 1 of 2 (5 PTS),,,23 - 38,15
0041900171,207,8,0,2,7:22 PM,8:52,,,SUB: Gilgeous-Alexander FOR Schroder,,
0041900171,209,3,12,2,7:22 PM,8:52,Gordon Free Throw 2 of 2 (6 PTS),,,23 - 39,16
0041900171,210,1,6,2,7:22 PM,8:44,,,Paul 2' Driving Layup (4 PTS),25 - 39,14
0041900171,211,7,2,2,7:22 PM,8:44,House Jr. Violation:Defensive Goaltending (D.Collins),,,,
0041900171,212,2,102,2,7:23 PM,8:30,MISS Gordon 8' Driving Floating Bank Jump Shot,,,,
0041900171,213,4,0,2,7:23 PM,8:28,,,Diallo REBOUND (Off:0 Def:1),,
0041900171,214,1,1,2,7:23 PM,8:08,,,Muscala 3PT Jump Shot (3 PTS) (Bazley 1 AST),28 - 39,11
0041900171,216,1,6,2,7:23 PM,7:52,Gordon 3' Driving Layup (8 PTS),,,28 - 41,13
0041900171,217,6,2,2,7:23 PM,7:52,,,Muscala S.FOUL (P1.T3) (J.Capers),,
0041900171,219,8,0,2,7:24 PM,7:52,SUB: Harden FOR Rivers,,,,
0041900171,220,8,0,2,7:24 PM,7:52,,,SUB: Roberson FOR Diallo,,
0041900171,221,8,0,2,7:24 PM,7:52,,,SUB: Gallinari FOR Bazley,,
0041900171,225,3,10,2,7:24 PM,7:52,Gordon Free Throw 1 of 1 (9 PTS),,,28 - 42,14
0041900171,226,1,1,2,7:24 PM,7:28,,,Gallinari 18' Jump Shot (8 PTS),30 - 42,12
0041900171,227,1,2,2,7:25 PM,7:21,Gordon 30' 3PT Running Jump Shot (12 PTS) (Harden 1 AST),,,30 - 45,15
0041900171,229,2,1,2,7:25 PM,7:05,,,MISS Gallinari 26' 3PT Jump Shot,,
0041900171,230,4,0,2,7:25 PM,7:02,Harden REBOUND (Off:0 Def:2),,,,
0041900171,231,2,80,2,7:25 PM,6:55,MISS Harden 25' 3PT Step Back Jump Shot,,,,
0041900171,232,4,0,2,7:25 PM,6:51,,,Thunder Rebound,,
0041900171,234,9,1,2,7:25 PM,6:51,ROCKETS Timeout: Regular (Full 2 Short 0),,,,
0041900171,235,2,101,2,7:29 PM,6:29,,,MISS Gilgeous-Alexander 11' Driving Floating Jump Shot,,
0041900171,236,4,0,2,7:29 PM,6:28,,,Thunder Rebound,,
0041900171,238,8,0,2,7:29 PM,6:28,,,SUB: Schroder FOR Paul,,
0041900171,240,8,0,2,7:29 PM,6:28,SUB: McLemore FOR Gordon,,,,
0041900171,242,6,2,2,7:30 PM,6:14,House Jr. S.FOUL (P2.T1) (D.Collins),,,,
0041900171,244,3,11,2,7:31 PM,6:14,,,Gilgeous-Alexander Free Throw 1 of 2 (1 PTS),31 - 45,14
0041900171,245,3,12,2,7:31 PM,6:14,,,Gilgeous-Alexander Free Throw 2 of 2 (2 PTS),32 - 45,13
0041900171,246,6,2,2,7:31 PM,5:59,,,Roberson S.FOUL (P1.T4) (J.Capers),,
0041900171,248,3,13,2,7:31 PM,5:59,Harden Free Throw 1 of 3 (9 PTS),,,32 - 46,14
0041900171,249,3,14,2,7:31 PM,5:59,Harden Free Throw 2 of 3 (10 PTS),,,32 - 47,15
0041900171,252,3,15,2,7:31 PM,5:59,MISS Harden Free Throw 3 of 3,,,,
0041900171,250,8,0,2,7:32 PM,5:59,SUB: Green FOR House Jr.,,,,
0041900171,253,4,0,2,7:32 PM,5:57,,,Gilgeous-Alexander REBOUND (Off:0 Def:3),,
0041900171,254,2,1,2,7:32 PM,5:48,,,MISS Roberson 25' 3PT Jump Shot,,
0041900171,255,4,0,2,7:32 PM,5:45,Harden REBOUND (Off:0 Def:3),,,,
0041900171,256,1,1,2,7:32 PM,5:38,McLemore 3PT Jump Shot (9 PTS) (Tucker 1 AST),,,32 - 50,18
0041900171,258,1,1,2,7:33 PM,5:22,,,Gallinari 25' 3PT Jump Shot (11 PTS) (Schroder 1 AST),35 - 50,15
0041900171,260,1,6,2,7:33 PM,5:06,Harden 3' Driving Layup (12 PTS),,,35 - 52,17
0041900171,261,2,1,2,7:33 PM,4:51,,,MISS Schroder 26' 3PT Jump Shot,,
0041900171,262,4,0,2,7:33 PM,4:48,Harden REBOUND (Off:0 Def:4),,,,
0041900171,263,2,80,2,7:33 PM,4:43,MISS Harden 25' 3PT Step Back Jump Shot,,,,
0041900171,264,4,0,2,7:33 PM,4:39,Harden REBOUND (Off:1 Def:4),,,,
0041900171,265,1,1,2,7:34 PM,4:27,Tucker 3PT Jump Shot (6 PTS) (Harden 2 AST),,,35 - 55,20
0041900171,267,9,1,2,7:34 PM,4:26,,,Thunder Timeout: Regular (Reg.3 Short 0),,
0041900171,268,8,0,2,7:35 PM,4:26,,,SUB: Adams FOR Roberson,,
0041900171,269,8,0,2,7:35 PM,4:26,,,SUB: Paul FOR Muscala,,
0041900171,272,1,80,2,7:36 PM,4:11,,,Gallinari 23' Step Back Jump Shot (13 PTS),37 - 55,18
0041900171,273,1,1,2,7:36 PM,3:50,Green 3PT Jump Shot (10 PTS) (Covington 1 AST),,,37 - 58,21
0041900171,275,6,1,2,7:36 PM,3:42,Harden P.FOUL (P2.T2) (J.Capers),,,,
0041900171,278,8,0,2,7:37 PM,3:37,SUB: Gordon FOR McLemore,,,,
0041900171,280,1,73,2,7:37 PM,3:29,,,Adams 2' Driving Reverse Layup (9 PTS),39 - 58,19
0041900171,281,2,80,2,7:38 PM,3:10,MISS Harden 25' 3PT Step Back Jump Shot,,,,
0041900171,282,4,0,2,7:38 PM,3:08,,,Gilgeous-Alexander REBOUND (Off:0 Def:4),,
0041900171,283,6,4,2,7:38 PM,3:04,,,Gallinari OFF.Foul (P2) (J.Tiven),,
0041900171,285,5,37,2,7:38 PM,3:04,,,Gallinari Offensive Foul Turnover (P1.T6),,
0041900171,286,2,1,2,7:38 PM,2:55,MISS Green 25' 3PT Jump Shot,,,,
0041900171,287,4,0,2,7:38 PM,2:52,,,Paul REBOUND (Off:0 Def:4),,
0041900171,288,1,79,2,7:38 PM,2:42,,,Paul 24' 3PT Pullup Jump Shot (7 PTS),42 - 58,16
0041900171,289,6,26,2,7:39 PM,2:28,Green Offensive Charge Foul (P2.T3) (J.Capers),,,,
0041900171,291,5,37,2,7:39 PM,2:28,Green Offensive Foul Turnover (P1.T4),,,,
0041900171,292,2,3,2,7:39 PM,2:20,,,MISS Adams 9' Hook Shot,,
0041900171,293,4,0,2,7:39 PM,2:18,Covington REBOUND (Off:0 Def:3),,,,
0041900171,294,5,2,2,7:39 PM,2:13,Gordon Lost Ball Turnover (P1.T5),,,,
0041900171,296,6,3,2,7:39 PM,2:13,Tucker L.B.FOUL (P3.T4) (D.Collins),,,,
0041900171,298,8,0,2,7:39 PM,2:13,SUB: House Jr. FOR Tucker,,,,
0041900171,300,1,101,2,7:40 PM,2:03,,,Schroder 2' Driving Floating Jump Shot (4 PTS) (Paul 3 AST),44 - 58,14
0041900171,302,2,80,2,7:40 PM,1:41,MISS Harden 28' 3PT Step Back Jump Shot,,,,
0041900171,303,4,0,2,7:40 PM,1:37,,,Paul REBOUND (Off:0 Def:5),,
0041900171,304,1,41,2,7:40 PM,1:34,,,Paul 5' Running Layup (9 PTS),46 - 58,12
0041900171,305,6,1,2,7:41 PM,1:23,,,Paul P.FOUL (P2.PN) (D.Collins),,
0041900171,307,3,11,2,7:41 PM,1:23,Gordon Free Throw 1 of 2 (13 PTS),,,46 - 59,13
0041900171,308,3,12,2,7:41 PM,1:23,Gordon Free Throw 2 of 2 (14 PTS),,,46 - 60,14
0041900171,309,6,2,2,7:42 PM,1:14,Covington S.FOUL (P2.PN) (J.Capers),,,,
0041900171,311,3,13,2,7:42 PM,1:14,,,Gallinari Free Throw 1 of 3 (14 PTS),47 - 60,13
0041900171,312,3,14,2,7:42 PM,1:14,,,Gallinari Free Throw 2 of 3 (15 PTS),48 - 60,12
0041900171,313,3,15,2,7:43 PM,1:14,,,Gallinari Free Throw 3 of 3 (16 PTS),49 - 60,11
0041900171,314,1,79,2,7:43 PM,1:05,Green 25' 3PT Pullup Jump Shot (13 PTS),,,49 - 63,14
0041900171,315,2,79,2,7:43 PM,0:56,,,MISS Paul 25' 3PT Pullup Jump Shot,,
0041900171,316,4,0,2,7:43 PM,0:53,Harden REBOUND (Off:1 Def:5),,,,
0041900171,317,2,101,2,7:43 PM,0:44,MISS Harden 7' Driving Floating Jump Shot,,,,
0041900171,318,4,0,2,7:43 PM,0:44,,,Thunder Rebound,,
0041900171,319,6,3,2,7:43 PM,0:44,Harden L.B.FOUL (P3.PN) (J.Capers),,,,
0041900171,321,3,11,2,7:44 PM,0:44,,,Adams Free Throw 1 of 2 (10 PTS),50 - 63,13
0041900171,322,3,12,2,7:44 PM,0:44,,,MISS Adams Free Throw 2 of 2,,
0041900171,323,4,0,2,7:44 PM,0:43,Gordon REBOUND (Off:0 Def:3),,,,
0041900171,324,1,102,2,7:44 PM,0:34,Gordon 5' Driving Floating Bank Jump Shot (16 PTS) (Green 2 AST),,,50 - 65,15
0041900171,326,1,98,2,7:45 PM,0:27,,,Gallinari 2' Cutting Layup Shot (18 PTS) (Schroder 2 AST),52 - 65,13
0041900171,328,1,6,2,7:45 PM,0:08,Harden 5' Driving Layup (14 PTS),,,52 - 67,15
0041900171,329,6,2,2,7:45 PM,0:08,,,Schroder S.FOUL (P2.PN) (J.Capers),,
0041900171,331,3,10,2,7:46 PM,0:08,Harden Free Throw 1 of 1 (15 PTS),,,52 - 68,16
0041900171,332,2,5,2,7:46 PM,0:00,,,MISS Adams 2' Layup,,
0041900171,333,4,0,2,7:46 PM,0:00,,,Thunder Rebound,,
0041900171,334,13,0,2,7:46 PM,0:00,,End of 2nd Period (7:46 PM EST),,52 - 68,16
0041900171,339,6,11,3,8:02 PM,12:00,,,Paul T.FOUL (P2.T0) (J.Capers),,
0041900171,340,3,16,3,8:02 PM,12:00,Harden Free Throw Technical (16 PTS),,,52 - 69,17
0041900171,341,12,0,3,8:03 PM,12:00,,Start of 3rd Period (8:03 PM EST),,52 - 69,17
0041900171,342,2,1,3,8:03 PM,11:48,MISS Tucker 3PT Jump Shot,,,,
0041900171,343,4,0,3,8:03 PM,11:45,,,Gallinari REBOUND (Off:0 Def:1),,
0041900171,344,1,5,3,8:03 PM,11:38,,,Adams 3' Layup (12 PTS) (Paul 4 AST),54 - 69,15
0041900171,346,6,2,3,8:03 PM,11:38,Gordon S.FOUL (P3.T1) (D.Collins),,,,
0041900171,348,3,10,3,8:03 PM,11:38,,,Adams Free Throw 1 of 1 (13 PTS),55 - 69,14
0041900171,349,2,6,3,8:04 PM,11:27,MISS Gordon 4' Driving Layup,,,,
0041900171,351,4,0,3,8:04 PM,11:27,ROCKETS Rebound,,,,
0041900171,353,1,98,3,8:04 PM,11:18,Tucker 4' Cutting Layup Shot (8 PTS) (Covington 2 AST),,,55 - 71,16
0041900171,355,1,1,3,8:04 PM,11:04,,,Gilgeous-Alexander 25' 3PT Jump Shot (5 PTS) (Paul 5 AST),58 - 71,13
0041900171,357,2,1,3,8:04 PM,10:48,MISS Tucker 3PT Jump Shot,,,,
0041900171,358,4,0,3,8:04 PM,10:45,Harden REBOUND (Off:2 Def:5),,,,
0041900171,359,2,1,3,8:04 PM,10:43,MISS Covington 25' 3PT Jump Shot,,,,
0041900171,360,4,0,3,8:05 PM,10:39,,,Paul REBOUND (Off:0 Def:6),,
0041900171,362,2,75,3,8:05 PM,10:25,,,MISS Gallinari 3' Driving Finger Roll Layup,,
0041900171,363,4,0,3,8:05 PM,10:23,,,Adams REBOUND (Off:3 Def:4),,
0041900171,366,1,5,3,8:05 PM,10:20,,,Adams 1' Layup (15 PTS),60 - 71,11
0041900171,367,1,1,3,8:05 PM,10:01,Covington 24' 3PT Jump Shot (3 PTS) (Gordon 3 AST),,,60 - 74,14
0041900171,369,1,47,3,8:06 PM,9:47,,,Gallinari 10' Turnaround Jump Shot (20 PTS) (Paul 6 AST),62 - 74,12
0041900171,371,1,6,3,8:06 PM,9:36,Harden 3' Driving Layup (18 PTS),,,62 - 76,14
0041900171,372,2,101,3,8:06 PM,9:20,,,MISS Gilgeous-Alexander 6' Driving Floating Jump Shot,,
0041900171,373,4,0,3,8:06 PM,9:18,Covington REBOUND (Off:0 Def:4),,,,
0041900171,374,1,73,3,8:06 PM,9:13,House Jr. 2' Driving Reverse Layup (7 PTS) (Covington 3 AST),,,62 - 78,16
0041900171,376,2,73,3,8:06 PM,9:01,,,MISS Gallinari 2' Driving Reverse Layup,,
0041900171,377,4,0,3,8:07 PM,8:58,,,Adams REBOUND (Off:4 Def:4),,
0041900171,378,1,97,3,8:07 PM,8:58,,,Adams 1' Tip Layup Shot (17 PTS),64 - 78,14
0041900171,379,2,6,3,8:07 PM,8:49,MISS Gordon 5' Driving Layup,,,,
0041900171,380,4,0,3,8:07 PM,8:48,,,Adams REBOUND (Off:4 Def:5),,
0041900171,381,1,105,3,8:07 PM,8:32,,,Gallinari 3' Turnaround Fadeaway Bank Jump Shot (22 PTS) (Adams 2 AST),66 - 78,12
0041900171,383,5,1,3,8:07 PM,8:22,Gordon Bad Pass Turnover (P2.T6),,Paul STEAL (2 STL),,
0041900171,385,6,1,3,8:07 PM,8:22,Harden P.FOUL (P4.T2) (J.Capers),,,,
0041900171,387,9,1,3,8:08 PM,8:22,,,Thunder Timeout: Regular (Reg.4 Short 0),,
0041900171,388,1,47,3,8:11 PM,8:07,,,Gallinari 23' Turnaround Jump Shot (24 PTS),68 - 78,10
0041900171,389,6,4,3,8:12 PM,7:50,Covington OFF.Foul (P3) (J.Capers),,,,
0041900171,391,5,37,3,8:12 PM,7:50,Covington Offensive Foul Turnover (P1.T7),,,,
0041900171,392,2,80,3,8:12 PM,7:32,,,MISS Gilgeous-Alexander 25' 3PT Step Back Jump Shot,,
0041900171,393,4,0,3,8:12 PM,7:28,Harden REBOUND (Off:2 Def:6),,,,
0041900171,394,1,6,3,8:12 PM,7:24,Gordon 3' Driving Layup (18 PTS),,,68 - 80,12
0041900171,395,6,26,3,8:13 PM,7:17,,,Gilgeous-Alexander Offensive Charge Foul (P1.T1) (D.Collins),,
0041900171,397,5,37,3,8:13 PM,7:17,,,Gilgeous-Alexander Offensive Foul Turnover (P1.T7),,
0041900171,398,8,0,3,8:13 PM,7:17,SUB: Green FOR Gordon,,,,
0041900171,399,8,0,3,8:13 PM,7:17,SUB: McLemore FOR Covington,,,,
0041900171,402,1,80,3,8:13 PM,7:08,Harden 29' 3PT Step Back Jump Shot (21 PTS),,,68 - 83,15
0041900171,403,1,79,3,8:13 PM,6:55,,,Paul 16' Pullup Jump Shot (11 PTS),70 - 83,13
0041900171,405,8,0,3,8:14 PM,6:39,,,SUB: Schroder FOR Gilgeous-Alexander,,
0041900171,407,1,44,3,8:14 PM,6:34,McLemore 3' Reverse Layup (11 PTS) (Tucker 2 AST),,,70 - 85,15
0041900171,409,1,1,3,8:14 PM,6:14,,,Ferguson 25' 3PT Jump Shot (3 PTS) (Paul 7 AST),73 - 85,12
0041900171,411,1,41,3,8:14 PM,6:09,House Jr. 2' Running Layup (9 PTS) (Harden 3 AST),,,73 - 87,14
0041900171,413,6,1,3,8:15 PM,6:02,McLemore P.FOUL (P1.T3) (J.Capers),,,,
0041900171,415,2,80,3,8:15 PM,5:47,,,MISS Gallinari 24' 3PT Step Back Jump Shot,,
0041900171,416,4,0,3,8:15 PM,5:43,Green REBOUND (Off:0 Def:3),,,,
0041900171,417,1,1,3,8:15 PM,5:23,McLemore 26' 3PT Jump Shot (14 PTS) (Tucker 3 AST),,,73 - 90,17
0041900171,419,2,1,3,8:16 PM,5:00,,,MISS Ferguson 25' 3PT Jump Shot,,
0041900171,420,4,0,3,8:16 PM,4:57,McLemore REBOUND (Off:0 Def:1),,,,
0041900171,421,6,1,3,8:16 PM,4:52,,,Paul P.FOUL (P3.T2) (J.Capers),,
0041900171,423,8,0,3,8:16 PM,4:52,SUB: Rivers FOR House Jr.,,,,
0041900171,424,8,0,3,8:16 PM,4:52,,,SUB: Gilgeous-Alexander FOR Paul,,
0041900171,425,8,0,3,8:16 PM,4:52,,,SUB: Bazley FOR Gallinari,,
0041900171,426,8,0,3,8:16 PM,4:52,,,SUB: Noel FOR Adams,,
0041900171,431,2,1,3,8:17 PM,4:41,MISS Rivers 3PT Jump Shot,,,,
0041900171,432,4,0,3,8:17 PM,4:40,,,Bazley REBOUND (Off:0 Def:3),,
0041900171,433,1,52,3,8:17 PM,4:31,,,Noel 2' Alley Oop Dunk (2 PTS) (Schroder 3 AST),75 - 90,15
0041900171,435,6,2,3,8:17 PM,4:18,,,Noel S.FOUL (P4.T3) (J.Tiven),,
0041900171,437,3,11,3,8:18 PM,4:18,Green Free Throw 1 of 2 (14 PTS),,,75 - 91,16
0041900171,438,3,12,3,8:18 PM,4:18,Green Free Throw 2 of 2 (15 PTS),,,75 - 92,17
0041900171,439,2,1,3,8:19 PM,3:54,,,MISS Noel 14' Jump Shot,,
0041900171,440,4,0,3,8:19 PM,3:52,Harden REBOUND (Off:2 Def:7),,,,
0041900171,441,1,80,3,8:19 PM,3:45,Harden 30' 3PT Step Back Jump Shot (24 PTS),,,75 - 95,20
0041900171,442,5,2,3,8:19 PM,3:26,McLemore STEAL (1 STL),,Bazley Lost Ball Turnover (P1.T8),,
0041900171,444,2,1,3,8:19 PM,3:21,MISS McLemore 3PT Jump Shot,,,,
0041900171,445,4,0,3,8:19 PM,3:16,,,Bazley REBOUND (Off:0 Def:4),,
0041900171,446,2,1,3,8:19 PM,3:01,,,MISS Gilgeous-Alexander 30' 3PT Jump Shot,,
0041900171,447,4,0,3,8:19 PM,2:59,Harden REBOUND (Off:2 Def:8),,,,
0041900171,448,1,1,3,8:20 PM,2:43,Harden 31' 3PT Jump Shot (27 PTS) (Tucker 4 AST),,,75 - 98,23
0041900171,450,1,1,3,8:20 PM,2:28,,,Ferguson 24' 3PT Jump Shot (6 PTS) (Gilgeous-Alexander 1 AST),78 - 98,20
0041900171,452,9,1,3,8:20 PM,2:28,ROCKETS Timeout: Regular (Full 3 Short 0),,,,
0041900171,453,8,0,3,8:23 PM,2:28,SUB: Covington FOR Harden,,,,
0041900171,454,8,0,3,8:23 PM,2:28,SUB: Gordon FOR Tucker,,,,
0041900171,455,8,0,3,8:23 PM,2:28,,,SUB: Diallo FOR Ferguson,,
0041900171,459,2,6,3,8:24 PM,2:15,MISS Rivers 5' Driving Layup,,Noel BLOCK (1 BLK),,
0041900171,461,4,0,3,8:24 PM,2:15,ROCKETS Rebound,,,,
0041900171,463,2,1,3,8:24 PM,2:06,MISS Green 25' 3PT Jump Shot,,,,
0041900171,464,4,0,3,8:24 PM,2:02,,,Bazley REBOUND (Off:0 Def:5),,
0041900171,465,2,1,3,8:25 PM,1:45,,,MISS Diallo 3PT Jump Shot,,
0041900171,466,4,0,3,8:25 PM,1:41,Green REBOUND (Off:0 Def:4),,,,
0041900171,467,1,79,3,8:25 PM,1:36,Gordon 29' 3PT Pullup Jump Shot (21 PTS) (Green 3 AST),,,78 - 101,23
0041900171,469,1,1,3,8:25 PM,1:22,,,Bazley 26' 3PT Jump Shot (6 PTS) (Diallo 1 AST),81 - 101,20
0041900171,472,2,1,3,8:25 PM,1:03,MISS Gordon 31' 3PT Jump Shot,,,,
0041900171,473,4,0,3,8:25 PM,1:01,,,Bazley REBOUND (Off:0 Def:6),,
0041900171,474,2,1,3,8:26 PM,0:54,,,MISS Schroder 25' 3PT Jump Shot,,
0041900171,475,4,0,3,8:26 PM,0:53,Rivers REBOUND (Off:0 Def:2),,,,
0041900171,476,2,6,3,8:26 PM,0:44,MISS Gordon 2' Driving Layup,,,,
0041900171,477,4,0,3,8:26 PM,0:43,,,Bazley REBOUND (Off:0 Def:7),,
0041900171,478,1,75,3,8:26 PM,0:34,,,Schroder 6' Driving Finger Roll Layup (6 PTS),83 - 101,18
0041900171,479,1,1,3,8:26 PM,0:18,Green 24' 3PT Jump Shot (18 PTS) (Gordon 4 AST),,,83 - 104,21
0041900171,481,2,78,3,8:27 PM,0:00,,,MISS Schroder 5' Floating Jump Shot,,
0041900171,482,4,0,3,8:27 PM,0:00,,,Noel REBOUND (Off:1 Def:0),,
0041900171,483,2,97,3,8:27 PM,0:00,,,MISS Noel 1' Tip Layup Shot,,
0041900171,484,4,0,3,8:27 PM,0:00,,,Thunder Rebound,,
0041900171,485,6,3,3,8:27 PM,0:00,Rivers L.B.FOUL (P1.T4) (J.Capers),,,,
0041900171,487,8,0,3,8:27 PM,0:00,,,SUB: Adams FOR Bazley,,
0041900171,488,8,0,3,8:27 PM,0:00,,,SUB: Paul FOR Noel,,
0041900171,491,13,0,3,8:27 PM,0:00,,End of 3rd Period (8:27 PM EST),,83 - 104,21
0041900171,494,12,0,4,8:31 PM,12:00,,Start of 4th Period (8:31 PM EST),,83 - 104,21
0041900171,495,6,1,4,8:31 PM,11:51,Green P.FOUL (P3.T1) (D.Collins),,,,
0041900171,497,2,6,4,8:32 PM,11:42,,,MISS Bazley 2' Driving Layup,,
0041900171,498,4,0,4,8:32 PM,11:39,,,Diallo REBOUND (Off:1 Def:1),,
0041900171,499,2,6,4,8:32 PM,11:33,,,MISS Schroder 3' Driving Layup,,
0041900171,500,4,0,4,8:32 PM,11:30,Covington REBOUND (Off:0 Def:5),,,,
0041900171,502,2,1,4,8:32 PM,11:19,MISS McLemore 3PT Jump Shot,,,,
0041900171,503,4,0,4,8:32 PM,11:16,,,Adams REBOUND (Off:4 Def:6),,
0041900171,504,1,1,4,8:33 PM,11:06,,,Bazley 26' 3PT Jump Shot (9 PTS) (Paul 8 AST),86 - 104,18
0041900171,506,2,6,4,8:33 PM,10:45,MISS Covington 4' Driving Layup,,,,
0041900171,507,4,0,4,8:33 PM,10:43,,,Diallo REBOUND (Off:1 Def:2),,
0041900171,508,2,1,4,8:33 PM,10:26,,,MISS Diallo 3PT Jump Shot,,
0041900171,509,4,0,4,8:33 PM,10:23,Rivers REBOUND (Off:0 Def:3),,,,
0041900171,510,2,1,4,8:33 PM,10:15,MISS Covington 24' 3PT Jump Shot,,,,
0041900171,511,4,0,4,8:33 PM,10:13,,,Adams REBOUND (Off:4 Def:7),,
0041900171,512,6,2,4,8:34 PM,10:07,Covington S.FOUL (P4.T2) (J.Capers),,,,
0041900171,514,3,11,4,8:34 PM,10:07,,,MISS Paul Free Throw 1 of 2,,
0041900171,515,4,1,4,8:34 PM,10:07,,,Thunder Rebound,,
0041900171,516,8,0,4,8:34 PM,10:07,SUB: House Jr. FOR McLemore,,,,
0041900171,517,8,0,4,8:34 PM,10:07,SUB: Tucker FOR Covington,,,,
0041900171,518,8,0,4,8:34 PM,10:07,,,SUB: Gallinari FOR Diallo,,
0041900171,522,3,12,4,8:34 PM,10:07,,,Paul Free Throw 2 of 2 (12 PTS),87 - 104,17
0041900171,523,2,1,4,8:35 PM,9:58,MISS Green 25' 3PT Jump Shot,,,,
0041900171,524,4,0,4,8:35 PM,9:55,,,Bazley REBOUND (Off:0 Def:8),,
0041900171,525,2,1,4,8:35 PM,9:44,,,MISS Paul 25' 3PT Jump Shot,,
0041900171,526,4,0,4,8:35 PM,9:44,,,Thunder Rebound,,
0041900171,527,6,3,4,8:35 PM,9:44,House Jr. L.B.FOUL (P3.T3) (J.Tiven),,,,
0041900171,529,2,47,4,8:35 PM,9:26,,,MISS Adams 3PT Turnaround Jump Shot,,
0041900171,530,4,0,4,8:35 PM,9:24,Rivers REBOUND (Off:0 Def:4),,,,
0041900171,531,2,79,4,8:36 PM,9:20,MISS Rivers 25' 3PT Pullup Jump Shot,,,,
0041900171,532,4,0,4,8:36 PM,9:17,,,Paul REBOUND (Off:0 Def:7),,
0041900171,533,6,26,4,8:36 PM,9:12,,,Bazley Offensive Charge Foul (P1.T1) (J.Capers),,
0041900171,535,5,37,4,8:36 PM,9:12,,,Bazley Offensive Foul Turnover (P2.T9),,
0041900171,536,8,0,4,8:36 PM,9:12,SUB: Harden FOR Rivers,,,,
0041900171,538,2,1,4,8:36 PM,9:01,MISS Tucker 24' 3PT Jump Shot,,,,
0041900171,539,4,0,4,8:36 PM,8:58,,,Bazley REBOUND (Off:0 Def:9),,
0041900171,540,6,4,4,8:37 PM,8:44,,,Adams OFF.Foul (P2) (D.Collins),,
0041900171,542,5,37,4,8:37 PM,8:44,,,Adams Offensive Foul Turnover (P1.T10),,
0041900171,543,1,6,4,8:37 PM,8:32,Green 4' Driving Layup (20 PTS),,,87 - 106,19
0041900171,544,6,1,4,8:37 PM,8:26,Tucker P.FOUL (P4.T4) (J.Tiven),,,,
0041900171,546,8,0,4,8:37 PM,8:26,SUB: Covington FOR Green,,,,
0041900171,547,8,0,4,8:37 PM,8:26,,,SUB: Gilgeous-Alexander FOR Schroder,,
0041900171,550,2,1,4,8:38 PM,8:10,,,MISS Gallinari 29' 3PT Jump Shot,,
0041900171,551,4,0,4,8:38 PM,8:07,Harden REBOUND (Off:2 Def:9),,,,
0041900171,552,2,1,4,8:38 PM,7:54,MISS Tucker 3PT Jump Shot,,,,
0041900171,553,4,0,4,8:38 PM,7:52,,,Adams REBOUND (Off:4 Def:8),,
0041900171,554,2,73,4,8:38 PM,7:40,,,MISS Gallinari 2' Driving Reverse Layup,,
0041900171,555,4,0,4,8:38 PM,7:40,,,Gallinari REBOUND (Off:1 Def:1),,
0041900171,556,6,2,4,8:38 PM,7:40,Covington S.FOUL (P5.PN) (J.Capers),,,,
0041900171,558,9,1,4,8:39 PM,7:40,ROCKETS Timeout: Regular (Full 4 Short 0),,,,
0041900171,559,18,4,4,8:39 PM,7:40,,Instant Replay4th Period (8:39 PM EST),,87 - 106,19
0041900171,560,8,0,4,8:41 PM,7:40,,,SUB: Ferguson FOR Bazley,,
0041900171,561,8,0,4,8:41 PM,7:40,,,SUB: Muscala FOR Adams,,
0041900171,564,3,11,4,8:43 PM,7:40,,,Gallinari Free Throw 1 of 2 (25 PTS),88 - 106,18
0041900171,565,8,0,4,8:43 PM,7:40,SUB: Green FOR Gordon,,,,
0041900171,566,8,0,4,8:43 PM,7:40,SUB: McLemore FOR Covington,,,,
0041900171,569,3,12,4,8:43 PM,7:40,,,Gallinari Free Throw 2 of 2 (26 PTS),89 - 106,17
0041900171,570,2,1,4,8:43 PM,7:19,MISS House Jr. 3PT Jump Shot,,,,
0041900171,571,4,0,4,8:43 PM,7:16,,,Ferguson REBOUND (Off:0 Def:1),,
0041900171,572,1,1,4,8:43 PM,7:09,,,Gallinari 27' 3PT Jump Shot (29 PTS) (Paul 9 AST),92 - 106,14
0041900171,574,1,80,4,8:44 PM,6:44,Harden 26' 3PT Step Back Jump Shot (30 PTS),,,92 - 109,17
0041900171,575,2,63,4,8:44 PM,6:31,,,MISS Gallinari 18' Fadeaway Jumper,,
0041900171,576,4,0,4,8:44 PM,6:29,Green REBOUND (Off:0 Def:5),,,,
0041900171,577,1,1,4,8:44 PM,6:15,Tucker 3PT Jump Shot (11 PTS) (House Jr. 4 AST),,,92 - 112,20
0041900171,579,1,7,4,8:45 PM,5:54,,,Gilgeous-Alexander 2' Dunk (7 PTS) (Gallinari 3 AST),94 - 112,18
0041900171,581,1,101,4,8:45 PM,5:38,Harden 10' Driving Floating Jump Shot (32 PTS),,,94 - 114,20
0041900171,582,6,2,4,8:45 PM,5:38,,,Paul S.FOUL (P4.T2) (D.Collins),,
0041900171,584,8,0,4,8:45 PM,5:38,SUB: Gordon FOR McLemore,,,,
0041900171,585,8,0,4,8:45 PM,5:38,,,SUB: Schroder FOR Ferguson,,
0041900171,588,3,10,4,8:46 PM,5:38,Harden Free Throw 1 of 1 (33 PTS),,,94 - 115,21
0041900171,589,2,1,4,8:46 PM,5:22,,,MISS Schroder 26' 3PT Jump Shot,,
0041900171,590,4,0,4,8:46 PM,5:19,Green REBOUND (Off:0 Def:6),,,,
0041900171,591,2,1,4,8:46 PM,5:12,MISS Harden 28' 3PT Jump Shot,,,,
0041900171,592,4,0,4,8:46 PM,5:08,,,Gallinari REBOUND (Off:1 Def:2),,
0041900171,593,1,1,4,8:46 PM,4:59,,,Paul 25' 3PT Jump Shot (15 PTS) (Schroder 4 AST),97 - 115,18
0041900171,595,2,6,4,8:47 PM,4:44,MISS Gordon 3' Driving Layup,,Gallinari BLOCK (1 BLK),,
0041900171,597,4,0,4,8:47 PM,4:43,,,Paul REBOUND (Off:0 Def:8),,
0041900171,598,1,79,4,8:47 PM,4:35,,,Paul 3PT Pullup Jump Shot (18 PTS),100 - 115,15
0041900171,599,9,1,4,8:47 PM,4:32,ROCKETS Timeout: Regular (Full 5 Short 0),,,,
0041900171,600,2,1,4,8:51 PM,4:20,MISS Gordon 26' 3PT Jump Shot,,,,
0041900171,601,4,0,4,8:51 PM,4:17,,,Paul REBOUND (Off:0 Def:9),,
0041900171,602,1,75,4,8:51 PM,4:10,,,Paul 2' Driving Finger Roll Layup (20 PTS),102 - 115,13
0041900171,603,1,101,4,8:51 PM,3:52,Harden 9' Driving Floating Jump Shot (35 PTS) (Green 4 AST),,,102 - 117,15
0041900171,605,6,2,4,8:52 PM,3:35,House Jr. S.FOUL (P4.PN) (D.Collins),,,,
0041900171,607,3,11,4,8:52 PM,3:35,,,Gilgeous-Alexander Free Throw 1 of 2 (8 PTS),103 - 117,14
0041900171,608,3,12,4,8:52 PM,3:35,,,Gilgeous-Alexander Free Throw 2 of 2 (9 PTS),104 - 117,13
0041900171,609,6,1,4,8:53 PM,3:25,,,Gilgeous-Alexander P.FOUL (P2.T3) (D.Collins),,
0041900171,611,2,1,4,8:53 PM,3:18,MISS Harden 25' 3PT Jump Shot,,,,
0041900171,612,4,0,4,8:53 PM,3:16,,,Paul REBOUND (Off:0 Def:10),,
0041900171,613,5,45,4,8:53 PM,2:57,,,Paul Out of Bounds - Bad Pass Turnover Turnover (P3.T11),,
0041900171,614,1,6,4,8:54 PM,2:36,Green 2' Driving Layup (22 PTS),,,104 - 119,15
0041900171,615,5,4,4,8:54 PM,2:19,,,Paul Traveling Turnover (P4.T12),,
0041900171,616,1,75,4,8:55 PM,2:04,Harden 1' Driving Finger Roll Layup (37 PTS) (House Jr. 5 AST),,,104 - 121,17
0041900171,618,9,1,4,8:55 PM,2:04,,,Thunder Timeout: Regular (Reg.5 Short 0),,
0041900171,619,9,1,4,8:56 PM,2:04,ROCKETS Timeout: Regular (Full 6 Short 0),,,,
0041900171,620,8,0,4,8:57 PM,2:04,SUB: Caboclo FOR House Jr.,,,,
0041900171,621,8,0,4,8:57 PM,2:04,SUB: Frazier II FOR Harden,,,,
0041900171,622,8,0,4,8:57 PM,2:04,SUB: Rivers FOR Tucker,,,,
0041900171,623,8,0,4,8:57 PM,2:04,SUB: Covington FOR Green,,,,
0041900171,624,8,0,4,8:57 PM,2:04,SUB: Carroll FOR Gordon,,,,
0041900171,625,8,0,4,8:57 PM,2:04,,,SUB: Nader FOR Gilgeous-Alexander,,
0041900171,626,8,0,4,8:57 PM,2:04,,,SUB: Bazley FOR Paul,,
0041900171,627,8,0,4,8:57 PM,2:04,,,SUB: Diallo FOR Gallinari,,
0041900171,628,8,0,4,8:57 PM,2:04,,,SUB: Burton FOR Schroder,,
0041900171,638,5,1,4,8:58 PM,1:49,Caboclo STEAL (1 STL),,Diallo Bad Pass Turnover (P1.T13),,
0041900171,641,1,108,4,8:58 PM,1:27,Caboclo 2' Cutting Dunk Shot (2 PTS) (Rivers 2 AST),,,104 - 123,19
0041900171,643,2,101,4,8:59 PM,1:12,,,MISS Nader 13' Driving Floating Jump Shot,,
0041900171,644,4,0,4,8:59 PM,1:07,Caboclo REBOUND (Off:0 Def:1),,,,
0041900171,645,2,78,4,8:59 PM,1:01,MISS Rivers 9' Floating Jump Shot,,,,
0041900171,646,4,0,4,8:59 PM,0:59,,,Muscala REBOUND (Off:0 Def:1),,
0041900171,647,6,2,4,8:59 PM,0:54,Carroll S.FOUL (P1.PN) (D.Collins),,,,
0041900171,649,3,11,4,8:59 PM,0:54,,,Diallo Free Throw 1 of 2 (4 PTS),105 - 123,18
0041900171,650,3,12,4,9:00 PM,0:54,,,Diallo Free Throw 2 of 2 (5 PTS),106 - 123,17
0041900171,651,2,102,4,9:00 PM,0:38,MISS Carroll 15' Driving Floating Bank Jump Shot,,,,
0041900171,652,4,0,4,9:00 PM,0:35,,,Muscala REBOUND (Off:0 Def:2),,
0041900171,653,1,6,4,9:00 PM,0:30,,,Diallo 3' Driving Layup (7 PTS),108 - 123,15
0041900171,654,2,79,4,9:00 PM,0:21,MISS Covington 25' 3PT Pullup Jump Shot,,,,
0041900171,655,4,0,4,9:00 PM,0:14,,,Nader REBOUND (Off:0 Def:1),,
0041900171,656,13,0,4,9:01 PM,0:00,,End of 4th Period (9:01 PM EST),,108 - 123,15
